Time,Inspector1Busy,Inspector2Busy,WorkStation1Busy,W1Buffer0,Workstation2Busy,W2Buffer0,W2Buffer1,W3Busy,W3Buffer0,W3Buffer1,Component1Produced,Component2Produced,Component3Produced,,,,
0,1,1,0,0,0,0,0,0,0,0,0,0,0,,,,
13.23652304,1,1,1,2,0,2,2,0,2,2,0,0,0,,,,For busy states: 1=true
18.21786418,1,1,1,1,0,2,2,0,2,2,0,0,0,,,,0=false
19.03496303,1,1,1,2,0,2,2,0,2,2,1,0,0,,,,For buffers: number represents the number of buffers available (available slot to put component)
21.85240785,1,1,0,2,0,2,2,0,2,2,1,0,0,,,,
26.54674686,1,1,0,2,0,2,2,0,2,1,0,0,0,,,,
29.36898614,1,1,1,2,0,2,2,0,2,1,0,0,0,,,,
29.94795451,1,1,0,2,0,2,2,0,2,1,1,0,0,,,,
32.40972933,1,1,1,2,0,2,2,0,2,1,0,0,0,,,,
34.85239244,1,1,1,1,0,2,2,0,2,1,0,0,0,,,,
36.19332663,1,1,1,2,0,2,2,0,2,1,1,0,0,,,,
39.05301665,1,1,1,1,0,2,2,0,2,1,0,0,0,,,,
39.08697313,1,1,1,2,0,2,2,0,2,1,1,0,0,,,,
42.54754465,1,1,1,1,0,2,2,0,2,1,0,0,0,,,,
44.50744843,1,1,1,1,0,1,2,0,2,1,0,0,0,,,,
46.27042433,1,1,1,1,0,1,2,1,2,2,0,0,0,,,,
46.79421911,1,1,1,2,0,1,2,1,2,2,1,0,0,,,,
50.00199249,1,1,0,2,0,1,2,1,2,2,1,0,0,,,,
53.08680284,1,1,0,2,0,1,2,1,2,1,0,0,0,,,,
53.3546278,1,1,1,2,0,1,2,1,2,1,0,0,0,,,,
56.2716989,1,1,0,2,0,1,2,1,2,1,1,0,0,,,,
57.5757188,1,1,0,2,0,1,2,0,2,1,0,0,1,,,,
57.8570754,1,1,1,2,0,1,2,0,2,1,0,0,0,,,,
58.77382906,1,1,0,2,0,1,2,0,2,1,1,0,0,,,,
65.48824615,1,1,1,2,0,1,2,0,2,1,0,0,0,,,,
69.8020493,1,1,0,2,0,1,2,0,2,1,1,0,0,,,,
92.22551913,1,1,1,2,0,1,2,0,2,1,0,0,0,,,,
99.66229038,1,1,0,2,0,1,2,0,2,1,1,0,0,,,,
105.8068881,1,1,1,2,0,1,2,0,2,1,0,0,0,,,,
106.7080835,1,1,0,2,0,1,2,0,2,1,1,0,0,,,,
109.5731281,1,1,0,2,1,2,2,0,2,1,0,0,0,,,,
112.0760548,1,1,1,2,1,2,2,0,2,1,0,0,0,,,,
114.5403881,1,1,1,1,1,2,2,0,2,1,0,0,0,,,,
116.7807619,1,1,1,2,1,2,2,0,2,1,1,0,0,,,,
122.4162381,1,1,1,1,1,2,2,0,2,1,0,0,0,,,,
122.4569509,1,1,1,2,1,2,2,0,2,1,1,0,0,,,,
123.84885,1,1,1,2,0,2,2,0,2,1,0,1,0,,,,
129.7292516,1,1,1,1,0,2,2,0,2,1,0,0,0,,,,
135.6437984,1,1,1,2,0,2,2,0,2,1,1,0,0,,,,
137.2423328,1,1,1,2,0,2,1,0,2,1,0,0,0,,,,
143.7958038,1,1,0,2,0,2,1,0,2,1,1,0,0,,,,
156.3161001,1,1,1,2,0,2,1,0,2,1,0,0,0,,,,
158.8154205,1,1,0,2,0,2,1,0,2,1,1,0,0,,,,
167.6593763,1,1,1,2,0,2,1,0,2,1,0,0,0,,,,
168.0841221,1,1,0,2,0,2,1,0,2,1,1,0,0,,,,
172.0075831,1,1,1,2,0,2,1,0,2,1,0,0,0,,,,
175.5643803,1,1,1,2,0,2,0,0,2,1,0,0,0,,,,
179.4534271,1,1,1,1,0,2,0,0,2,1,0,0,0,,,,
181.1442114,1,1,1,2,0,2,0,0,2,1,1,0,0,,,,
181.7479728,1,1,0,2,0,2,0,0,2,1,1,0,0,,,,
185.3873438,1,1,1,2,0,2,0,0,2,1,0,0,0,,,,
188.5249894,1,1,1,1,0,2,0,0,2,1,0,0,0,,,,
193.6907689,1,1,1,1,0,2,0,0,2,0,0,0,0,,,,
196.7805054,1,1,1,2,0,2,0,0,2,0,1,0,0,,,,
198.3285367,1,1,0,2,0,2,0,0,2,0,1,0,0,,,,
225.8790211,1,1,1,2,0,2,0,0,2,0,0,0,0,,,,
229.1964253,1,1,1,1,0,2,0,0,2,0,0,0,0,,,,
231.2481172,1,0,1,1,0,2,0,0,2,0,0,0,0,,,,
237.9468142,1,0,1,2,0,2,0,0,2,0,1,0,0,,,,
239.8999604,1,0,0,2,0,2,0,0,2,0,1,0,0,,,,
242.1907087,1,0,1,2,0,2,0,0,2,0,0,0,0,,,,
242.6598635,1,0,0,2,0,2,0,0,2,0,1,0,0,,,,
270.9677379,1,0,1,2,0,2,0,0,2,0,0,0,0,,,,
273.9412133,1,0,0,2,0,2,0,0,2,0,1,0,0,,,,
279.287154,1,0,1,2,0,2,0,0,2,0,0,0,0,,,,
279.3733417,1,0,0,2,0,2,0,0,2,0,1,0,0,,,,
280.6246177,1,0,1,2,0,2,0,0,2,0,0,0,0,,,,
281.7813627,1,0,0,2,0,2,0,0,2,0,1,0,0,,,,
317.3136803,1,0,1,2,0,2,0,0,2,0,0,0,0,,,,
319.5450834,1,0,1,1,0,2,0,0,2,0,0,0,0,,,,
322.7436529,1,0,1,2,0,2,0,0,2,0,1,0,0,,,,
324.0062065,1,0,1,1,0,2,0,0,2,0,0,0,0,,,,
324.5404872,1,0,1,1,1,2,1,0,2,0,0,0,0,,,,
326.7318654,1,0,1,2,1,2,1,0,2,0,1,0,0,,,,
328.1627569,1,0,0,2,1,2,1,0,2,0,1,0,0,,,,
335.7063944,1,0,0,2,0,2,1,0,2,0,0,1,0,,,,
364.2344097,1,0,1,2,0,2,1,0,2,0,0,0,0,,,,
368.648927,1,0,1,1,0,2,1,0,2,0,0,0,0,,,,
371.1719618,1,0,1,2,0,2,1,0,2,0,1,0,0,,,,
377.9109565,1,0,0,2,0,2,1,0,2,0,1,0,0,,,,
378.7097923,1,0,1,2,0,2,1,0,2,0,0,0,0,,,,
382.1435077,1,0,0,2,0,2,1,0,2,0,1,0,0,,,,
382.8285433,1,0,1,2,0,2,1,0,2,0,0,0,0,,,,
384.0678313,1,0,0,2,0,2,1,0,2,0,1,0,0,,,,
386.5845852,1,0,1,2,0,2,1,0,2,0,0,0,0,,,,
388.788117,1,0,1,1,0,2,1,0,2,0,0,0,0,,,,
391.6409933,1,0,1,1,1,2,2,0,2,0,0,0,0,,,,
393.6789372,1,0,1,1,1,1,2,0,2,0,0,0,0,,,,
393.9616048,1,0,1,2,1,1,2,0,2,0,1,0,0,,,,
396.6847649,1,0,0,2,1,1,2,0,2,0,1,0,0,,,,
397.1775005,1,0,1,2,1,1,2,0,2,0,0,0,0,,,,
398.599154,1,1,1,2,1,1,2,1,2,1,0,0,0,,,,
398.8811178,1,1,0,2,1,1,2,1,2,1,1,0,0,,,,
402.6260951,1,1,1,2,1,1,2,1,2,1,0,0,0,,,,
402.9646754,1,1,1,2,1,1,1,1,2,1,0,0,0,,,,
404.3892238,1,1,1,2,1,1,1,0,2,1,0,0,1,,,,
404.6652017,1,1,1,2,1,2,2,0,2,1,0,1,0,,,,
407.8634753,1,1,0,2,1,2,2,0,2,1,1,0,0,,,,
409.4532662,1,1,0,2,0,2,2,0,2,1,0,1,0,,,,
410.4011677,1,1,1,2,0,2,2,0,2,1,0,0,0,,,,
411.5934102,1,1,1,2,0,2,2,0,2,0,0,0,0,,,,
417.7076403,1,1,0,2,0,2,2,0,2,0,1,0,0,,,,
421.7308324,1,0,0,2,0,2,2,0,2,0,0,0,0,,,,
426.9371048,1,0,1,2,0,2,2,0,2,0,0,0,0,,,,
432.7949427,1,0,1,1,0,2,2,0,2,0,0,0,0,,,,
436.7750385,1,0,1,2,0,2,2,0,2,0,1,0,0,,,,
440.1161631,1,0,0,2,0,2,2,0,2,0,1,0,0,,,,
441.3781103,1,0,1,2,0,2,2,0,2,0,0,0,0,,,,
442.6388718,1,0,0,2,0,2,2,0,2,0,1,0,0,,,,
450.2665505,1,0,1,2,0,2,2,0,2,0,0,0,0,,,,
451.3136645,1,0,0,2,0,2,2,0,2,0,1,0,0,,,,
462.6185935,1,0,1,2,0,2,2,0,2,0,0,0,0,,,,
465.3333282,1,0,0,2,0,2,2,0,2,0,1,0,0,,,,
471.3753764,1,0,1,2,0,2,2,0,2,0,0,0,0,,,,
473.0339515,1,0,0,2,0,2,2,0,2,0,1,0,0,,,,
478.3695424,1,0,1,2,0,2,2,0,2,0,0,0,0,,,,
482.526098,1,0,0,2,0,2,2,0,2,0,1,0,0,,,,
503.8639135,1,0,1,2,0,2,2,0,2,0,0,0,0,,,,
505.6320581,1,0,1,1,0,2,2,0,2,0,0,0,0,,,,
507.84306,1,0,1,2,0,2,2,0,2,0,1,0,0,,,,
510.0407169,1,0,0,2,0,2,2,0,2,0,1,0,0,,,,
510.7370842,1,0,1,2,0,2,2,0,2,0,0,0,0,,,,
512.0244833,1,0,0,2,0,2,2,0,2,0,1,0,0,,,,
512.2131983,1,0,1,2,0,2,2,0,2,0,0,0,0,,,,
512.3956907,1,0,1,1,0,2,2,0,2,0,0,0,0,,,,
525.236906,1,0,1,1,0,1,2,0,2,0,0,0,0,,,,
526.4430712,1,0,1,2,0,1,2,0,2,0,1,0,0,,,,
533.1542727,1,0,1,2,0,0,2,0,2,0,0,0,0,,,,
534.7876518,1,0,0,2,0,0,2,0,2,0,1,0,0,,,,
557.0667142,1,0,1,2,0,0,2,0,2,0,0,0,0,,,,
558.2494962,1,0,0,2,0,0,2,0,2,0,1,0,0,,,,
559.2578937,1,0,1,2,0,0,2,0,2,0,0,0,0,,,,
562.1549573,1,0,0,2,0,0,2,0,2,0,1,0,0,,,,
591.1409838,1,0,1,2,0,0,2,0,2,0,0,0,0,,,,
604.0506149,1,0,1,2,0,0,2,0,2,0,0,0,0,,,,
606.7738772,1,0,0,2,0,0,2,0,2,0,1,0,0,,,,
614.1957181,1,0,1,2,0,0,2,0,2,0,0,0,0,,,,
615.082013,1,0,0,2,0,0,2,0,2,0,1,0,0,,,,
621.2128113,1,0,1,2,0,0,2,0,2,0,0,0,0,,,,
625.4885812,1,0,1,2,0,0,2,0,2,0,0,0,0,,,,
625.8944098,1,0,0,2,0,0,2,0,2,0,1,0,0,,,,
628.3396757,1,0,1,2,0,0,2,0,2,0,0,0,0,,,,
631.0343262,1,0,0,2,0,0,2,0,2,0,1,0,0,,,,
642.7127537,1,0,1,2,0,0,2,0,2,0,0,0,0,,,,
646.822493,1,0,0,2,0,0,2,0,2,0,1,0,0,,,,
655.2106441,1,0,1,2,0,0,2,0,2,0,0,0,0,,,,
656.3341266,1,0,0,2,0,0,2,0,2,0,1,0,0,,,,
659.9057524,1,0,1,2,0,0,2,0,2,0,0,0,0,,,,
661.9574347,1,0,0,2,0,0,2,0,2,0,1,0,0,,,,
682.382444,1,0,1,2,0,0,2,0,2,0,0,0,0,,,,
683.7419685,1,0,0,2,0,0,2,0,2,0,1,0,0,,,,
694.2888738,1,0,1,2,0,0,2,0,2,0,0,0,0,,,,
695.9924108,1,0,1,2,0,0,2,0,2,0,0,0,0,,,,
701.4244872,1,0,0,2,0,0,2,0,2,0,1,0,0,,,,
713.1047781,1,0,1,2,0,0,2,0,2,0,0,0,0,,,,
713.7315143,1,0,0,2,0,0,2,0,2,0,1,0,0,,,,
714.9766114,1,0,1,2,0,0,2,0,2,0,0,0,0,,,,
716.5481333,1,0,1,2,0,0,2,0,2,0,0,0,0,,,,
716.9209933,1,0,0,2,0,0,2,0,2,0,1,0,0,,,,
718.0723315,1,0,1,2,0,0,2,0,2,0,0,0,0,,,,
721.8254676,1,0,1,2,0,0,2,0,2,0,0,0,0,,,,
723.2268357,1,0,1,2,0,0,2,0,2,0,0,0,0,,,,
725.114431,1,0,1,2,0,0,2,0,2,0,0,0,0,,,,
727.8472662,1,0,0,2,0,0,2,0,2,0,1,0,0,,,,
735.1252482,1,0,1,2,0,0,2,0,2,0,0,0,0,,,,
735.860378,1,0,0,2,0,0,2,0,2,0,1,0,0,,,,
748.7905322,1,0,1,2,0,0,2,0,2,0,0,0,0,,,,
750.1102822,1,0,1,2,0,0,2,0,2,0,0,0,0,,,,
751.7367326,1,0,1,2,0,0,2,0,2,0,0,0,0,,,,
753.9975289,1,0,0,2,0,0,2,0,2,0,1,0,0,,,,
754.1332456,1,0,1,2,0,0,2,0,2,0,0,0,0,,,,
756.9932016,1,0,0,2,0,0,2,0,2,0,1,0,0,,,,
759.1302847,1,0,1,2,0,0,2,0,2,0,0,0,0,,,,
761.8398687,1,0,1,2,0,0,2,0,2,0,0,0,0,,,,
770.6844454,1,0,0,2,0,0,2,0,2,0,1,0,0,,,,
776.6507919,1,0,1,2,0,0,2,0,2,0,0,0,0,,,,
778.4772736,1,0,0,2,0,0,2,0,2,0,1,0,0,,,,
788.4851058,1,0,1,2,0,0,2,0,2,0,0,0,0,,,,
790.2362284,1,0,0,2,0,0,2,0,2,0,1,0,0,,,,
803.782317,1,0,1,2,0,0,2,0,2,0,0,0,0,,,,
805.8486411,1,0,0,2,0,0,2,0,2,0,1,0,0,,,,
823.3334905,1,0,1,2,0,0,2,0,2,0,0,0,0,,,,
825.914746,1,0,0,2,0,0,2,0,2,0,1,0,0,,,,
827.6688578,1,0,1,2,0,0,2,0,2,0,0,0,0,,,,
829.3346728,1,0,0,2,0,0,2,0,2,0,1,0,0,,,,
852.8230181,1,0,1,2,0,0,2,0,2,0,0,0,0,,,,
857.4056093,1,0,1,2,0,0,2,0,2,0,0,0,0,,,,
861.1311822,1,0,0,2,0,0,2,0,2,0,1,0,0,,,,
861.3790213,1,0,1,2,0,0,2,0,2,0,0,0,0,,,,
864.6872777,1,0,0,2,0,0,2,0,2,0,1,0,0,,,,
867.6877481,1,0,1,2,0,0,2,0,2,0,0,0,0,,,,
868.3646291,1,0,0,2,0,0,2,0,2,0,1,0,0,,,,
877.7860928,1,0,1,2,0,0,2,0,2,0,0,0,0,,,,
878.3337335,1,0,0,2,0,0,2,0,2,0,1,0,0,,,,
878.9167884,1,0,1,2,0,0,2,0,2,0,0,0,0,,,,
879.1447538,1,0,0,2,0,0,2,0,2,0,1,0,0,,,,
892.4830575,1,0,1,2,0,0,2,0,2,0,0,0,0,,,,
901.9639892,1,0,0,2,0,0,2,0,2,0,1,0,0,,,,
918.4965528,1,0,1,2,0,0,2,0,2,0,0,0,0,,,,
922.6548563,1,0,1,2,0,0,2,0,2,0,0,0,0,,,,
922.7116272,1,0,1,2,0,0,2,0,2,0,0,0,0,,,,
929.611633,1,0,0,2,0,0,2,0,2,0,1,0,0,,,,
935.119601,1,0,1,2,0,0,2,0,2,0,0,0,0,,,,
936.1914992,1,0,0,2,0,0,2,0,2,0,1,0,0,,,,
945.2425003,1,0,1,2,0,0,2,0,2,0,0,0,0,,,,
954.9596619,1,0,0,2,0,0,2,0,2,0,1,0,0,,,,
959.3377379,1,0,1,2,0,0,2,0,2,0,0,0,0,,,,
962.2705777,1,0,1,2,0,0,2,0,2,0,0,0,0,,,,
967.6798812,1,0,1,2,0,0,2,0,2,0,0,0,0,,,,
969.8360795,1,0,0,2,0,0,2,0,2,0,1,0,0,,,,
980.7198968,1,0,1,2,0,0,2,0,2,0,0,0,0,,,,
981.2220629,1,0,1,2,0,0,2,0,2,0,0,0,0,,,,
986.8605611,1,0,0,2,0,0,2,0,2,0,1,0,0,,,,
990.6055144,1,0,1,2,0,0,2,0,2,0,0,0,0,,,,
992.0013192,1,0,0,2,0,0,2,0,2,0,1,0,0,,,,
994.082373,1,0,1,2,0,0,2,0,2,0,0,0,0,,,,
999.6714121,1,0,0,2,0,0,2,0,2,0,1,0,0,,,,
1005.766278,1,0,1,2,0,0,2,0,2,0,0,0,0,,,,
1007.034762,1,0,0,2,0,0,2,0,2,0,1,0,0,,,,
1022.577198,1,0,1,2,0,0,2,0,2,0,0,0,0,,,,
1022.974073,1,0,1,2,0,0,2,0,2,0,0,0,0,,,,
1025.618808,1,0,0,2,0,0,2,0,2,0,1,0,0,,,,
1028.827073,1,0,1,2,0,0,2,0,2,0,0,0,0,,,,
1032.15022,1,0,0,2,0,0,2,0,2,0,1,0,0,,,,
1046.488533,1,0,1,2,0,0,2,0,2,0,0,0,0,,,,
1048.102767,1,0,0,2,0,0,2,0,2,0,1,0,0,,,,
1056.658624,1,0,1,2,0,0,2,0,2,0,0,0,0,,,,
1061.704791,1,0,1,2,0,0,2,0,2,0,0,0,0,,,,
1063.999591,1,0,0,2,0,0,2,0,2,0,1,0,0,,,,
1065.476839,1,0,1,2,0,0,2,0,2,0,0,0,0,,,,
1069.887526,1,0,0,2,0,0,2,0,2,0,1,0,0,,,,
1073.921805,1,0,1,2,0,0,2,0,2,0,0,0,0,,,,
1079.715252,1,0,1,2,0,0,2,0,2,0,0,0,0,,,,
1081.529896,1,0,0,2,0,0,2,0,2,0,1,0,0,,,,
1097.101667,1,0,1,2,0,0,2,0,2,0,0,0,0,,,,
1100.231425,1,0,1,2,0,0,2,0,2,0,0,0,0,,,,
1102.70249,1,0,0,2,0,0,2,0,2,0,1,0,0,,,,
1108.741568,1,0,1,2,0,0,2,0,2,0,0,0,0,,,,
1111.009978,1,0,0,2,0,0,2,0,2,0,1,0,0,,,,
1123.87407,1,0,1,2,0,0,2,0,2,0,0,0,0,,,,
1133.363462,1,0,0,2,0,0,2,0,2,0,1,0,0,,,,
1141.339161,1,0,1,2,0,0,2,0,2,0,0,0,0,,,,
1143.973307,1,0,1,2,0,0,2,0,2,0,0,0,0,,,,
1146.471727,1,0,0,2,0,0,2,0,2,0,1,0,0,,,,
1152.077751,1,0,1,2,0,0,2,0,2,0,0,0,0,,,,
1157.248369,1,0,0,2,0,0,2,0,2,0,1,0,0,,,,
1166.600609,1,0,1,2,0,0,2,0,2,0,0,0,0,,,,
1167.695173,1,0,1,2,0,0,2,0,2,0,0,0,0,,,,
1169.677583,1,0,1,2,0,0,2,0,2,0,0,0,0,,,,
1170.312563,1,0,1,2,0,0,2,0,2,0,0,0,0,,,,
1170.95317,1,0,1,2,0,0,2,0,2,0,0,0,0,,,,
1174.456409,1,0,0,2,0,0,2,0,2,0,1,0,0,,,,
1175.044551,1,0,1,2,0,0,2,0,2,0,0,0,0,,,,
1175.333255,1,0,0,2,0,0,2,0,2,0,1,0,0,,,,
1176.354326,1,0,1,2,0,0,2,0,2,0,0,0,0,,,,
1177.369574,1,0,1,2,0,0,2,0,2,0,0,0,0,,,,
1186.96,1,0,0,2,0,0,2,0,2,0,1,0,0,,,,
1194.127323,1,0,1,2,0,0,2,0,2,0,0,0,0,,,,
1196.572167,1,0,0,2,0,0,2,0,2,0,1,0,0,,,,
1198.750517,1,0,1,2,0,0,2,0,2,0,0,0,0,,,,
1204.185625,1,0,0,2,0,0,2,0,2,0,1,0,0,,,,
1231.492732,1,0,1,2,0,0,2,0,2,0,0,0,0,,,,
1237.120736,1,0,0,2,0,0,2,0,2,0,1,0,0,,,,
1242.016851,1,0,1,2,0,0,2,0,2,0,0,0,0,,,,
1244.251614,1,0,0,2,0,0,2,0,2,0,1,0,0,,,,
1247.957093,1,0,1,2,0,0,2,0,2,0,0,0,0,,,,
1252.099454,1,0,0,2,0,0,2,0,2,0,1,0,0,,,,
1293.883079,1,0,1,2,0,0,2,0,2,0,0,0,0,,,,
1307.393062,1,0,0,2,0,0,2,0,2,0,1,0,0,,,,
1322.626829,1,0,1,2,0,0,2,0,2,0,0,0,0,,,,
1322.885594,1,0,0,2,0,0,2,0,2,0,1,0,0,,,,
1337.024066,1,0,1,2,0,0,2,0,2,0,0,0,0,,,,
1337.651232,1,0,0,2,0,0,2,0,2,0,1,0,0,,,,
1342.056991,1,0,1,2,0,0,2,0,2,0,0,0,0,,,,
1343.486435,1,0,0,2,0,0,2,0,2,0,1,0,0,,,,
1351.372093,1,0,1,2,0,0,2,0,2,0,0,0,0,,,,
1355.789234,1,0,0,2,0,0,2,0,2,0,1,0,0,,,,
1357.132478,1,0,1,2,0,0,2,0,2,0,0,0,0,,,,
1363.73462,1,0,0,2,0,0,2,0,2,0,1,0,0,,,,
1371.424323,1,0,1,2,0,0,2,0,2,0,0,0,0,,,,
1376.30902,1,0,0,2,0,0,2,0,2,0,1,0,0,,,,
1386.746621,1,0,1,2,0,0,2,0,2,0,0,0,0,,,,
1391.068219,1,0,1,2,0,0,2,0,2,0,0,0,0,,,,
1393.73068,1,0,0,2,0,0,2,0,2,0,1,0,0,,,,
1395.883645,1,0,1,2,0,0,2,0,2,0,0,0,0,,,,
1397.152154,1,0,0,2,0,0,2,0,2,0,1,0,0,,,,
1399.721692,1,0,1,2,0,0,2,0,2,0,0,0,0,,,,
1402.087626,1,0,0,2,0,0,2,0,2,0,1,0,0,,,,
1407.897232,1,0,1,2,0,0,2,0,2,0,0,0,0,,,,
1410.34993,1,0,0,2,0,0,2,0,2,0,1,0,0,,,,
1427.624519,1,0,1,2,0,0,2,0,2,0,0,0,0,,,,
1429.009604,1,0,1,2,0,0,2,0,2,0,0,0,0,,,,
1429.872908,1,0,0,2,0,0,2,0,2,0,1,0,0,,,,
1432.207763,1,0,1,2,0,0,2,0,2,0,0,0,0,,,,
1435.003692,1,0,1,2,0,0,2,0,2,0,0,0,0,,,,
1436.691001,1,0,1,2,0,0,2,0,2,0,0,0,0,,,,
1436.749987,1,0,0,2,0,0,2,0,2,0,1,0,0,,,,
1440.079719,1,0,1,2,0,0,2,0,2,0,0,0,0,,,,
1451.698621,1,0,0,2,0,0,2,0,2,0,1,0,0,,,,
1454.70322,1,0,1,2,0,0,2,0,2,0,0,0,0,,,,
1468.858572,1,0,0,2,0,0,2,0,2,0,1,0,0,,,,
1471.432625,1,0,1,2,0,0,2,0,2,0,0,0,0,,,,
1471.78993,1,0,0,2,0,0,2,0,2,0,1,0,0,,,,
1504.193727,1,0,1,2,0,0,2,0,2,0,0,0,0,,,,
1515.609446,1,0,0,2,0,0,2,0,2,0,1,0,0,,,,
1519.949275,1,0,1,2,0,0,2,0,2,0,0,0,0,,,,
1523.055715,1,0,1,2,0,0,2,0,2,0,0,0,0,,,,
1524.264674,1,0,0,2,0,0,2,0,2,0,1,0,0,,,,
1526.873879,1,0,1,2,0,0,2,0,2,0,0,0,0,,,,
1527.714642,1,0,0,2,0,0,2,0,2,0,1,0,0,,,,
1569.872629,1,0,1,2,0,0,2,0,2,0,0,0,0,,,,
1571.457343,1,0,0,2,0,0,2,0,2,0,1,0,0,,,,
1591.574957,1,0,1,2,0,0,2,0,2,0,0,0,0,,,,
1592.212761,1,0,0,2,0,0,2,0,2,0,1,0,0,,,,
1604.578086,1,0,1,2,0,0,2,0,2,0,0,0,0,,,,
1604.775745,1,0,0,2,0,0,2,0,2,0,1,0,0,,,,
1617.48237,1,0,1,2,0,0,2,0,2,0,0,0,0,,,,
1619.011676,1,0,0,2,0,0,2,0,2,0,1,0,0,,,,
1665.664204,1,0,1,2,0,0,2,0,2,0,0,0,0,,,,
1670.158027,1,0,1,2,0,0,2,0,2,0,0,0,0,,,,
1673.915002,1,0,0,2,0,0,2,0,2,0,1,0,0,,,,
1679.840778,1,0,1,2,0,0,2,0,2,0,0,0,0,,,,
1684.313077,1,0,0,2,0,0,2,0,2,0,1,0,0,,,,
1689.201997,1,0,1,2,0,0,2,0,2,0,0,0,0,,,,
1697.533729,1,0,0,2,0,0,2,0,2,0,1,0,0,,,,
1705.801718,1,0,1,2,0,0,2,0,2,0,0,0,0,,,,
1707.596963,1,0,1,2,0,0,2,0,2,0,0,0,0,,,,
1709.484888,1,0,0,2,0,0,2,0,2,0,1,0,0,,,,
1712.643605,1,0,1,2,0,0,2,0,2,0,0,0,0,,,,
1716.198221,1,0,0,2,0,0,2,0,2,0,1,0,0,,,,
1720.968937,1,0,1,2,0,0,2,0,2,0,0,0,0,,,,
1723.286966,1,0,0,2,0,0,2,0,2,0,1,0,0,,,,
1725.009063,1,0,1,2,0,0,2,0,2,0,0,0,0,,,,
1725.892063,1,0,0,2,0,0,2,0,2,0,1,0,0,,,,
1738.799856,1,0,1,2,0,0,2,0,2,0,0,0,0,,,,
1739.545406,1,0,1,2,0,0,2,0,2,0,0,0,0,,,,
1740.438778,1,0,0,2,0,0,2,0,2,0,1,0,0,,,,
1759.278817,1,0,1,2,0,0,2,0,2,0,0,0,0,,,,
1769.278949,1,0,0,2,0,0,2,0,2,0,1,0,0,,,,
1790.300701,1,0,1,2,0,0,2,0,2,0,0,0,0,,,,
1790.972265,1,0,0,2,0,0,2,0,2,0,1,0,0,,,,
1793.165474,1,0,1,2,0,0,2,0,2,0,0,0,0,,,,
1795.657523,1,0,1,2,0,0,2,0,2,0,0,0,0,,,,
1796.421436,1,0,0,2,0,0,2,0,2,0,1,0,0,,,,
1796.60368,1,0,1,2,0,0,2,0,2,0,0,0,0,,,,
1797.826068,1,0,0,2,0,0,2,0,2,0,1,0,0,,,,
1799.98966,1,0,1,2,0,0,2,0,2,0,0,0,0,,,,
1802.696153,1,0,0,2,0,0,2,0,2,0,1,0,0,,,,
1807.029661,1,0,1,2,0,0,2,0,2,0,0,0,0,,,,
1815.553838,1,0,0,2,0,0,2,0,2,0,1,0,0,,,,
1818.704836,1,0,1,2,0,0,2,0,2,0,0,0,0,,,,
1825.051999,1,0,0,2,0,0,2,0,2,0,1,0,0,,,,
1837.740626,1,0,1,2,0,0,2,0,2,0,0,0,0,,,,
1841.659238,1,0,1,2,0,0,2,0,2,0,0,0,0,,,,
1843.21522,1,0,0,2,0,0,2,0,2,0,1,0,0,,,,
1851.076362,1,0,1,2,0,0,2,0,2,0,0,0,0,,,,
1851.401601,1,0,0,2,0,0,2,0,2,0,1,0,0,,,,
1866.809739,1,0,1,2,0,0,2,0,2,0,0,0,0,,,,
1872.954353,1,0,0,2,0,0,2,0,2,0,1,0,0,,,,
1880.847527,1,0,1,2,0,0,2,0,2,0,0,0,0,,,,
1882.614632,1,0,0,2,0,0,2,0,2,0,1,0,0,,,,
1893.247298,1,0,1,2,0,0,2,0,2,0,0,0,0,,,,
1894.893043,1,0,1,2,0,0,2,0,2,0,0,0,0,,,,
1901.756262,1,0,0,2,0,0,2,0,2,0,1,0,0,,,,
1903.236297,1,0,1,2,0,0,2,0,2,0,0,0,0,,,,
1904.049752,1,0,0,2,0,0,2,0,2,0,1,0,0,,,,
1931.846014,1,0,1,2,0,0,2,0,2,0,0,0,0,,,,
1931.863625,1,0,0,2,0,0,2,0,2,0,1,0,0,,,,
1937.88197,1,0,1,2,0,0,2,0,2,0,0,0,0,,,,
1942.653831,1,0,0,2,0,0,2,0,2,0,1,0,0,,,,
1942.894815,1,0,1,2,0,0,2,0,2,0,0,0,0,,,,
1946.147725,1,0,0,2,0,0,2,0,2,0,1,0,0,,,,
1953.864231,1,0,1,2,0,0,2,0,2,0,0,0,0,,,,
1965.380509,1,0,1,2,0,0,2,0,2,0,0,0,0,,,,
1972.89484,1,0,0,2,0,0,2,0,2,0,1,0,0,,,,
2000.412058,1,0,1,2,0,0,2,0,2,0,0,0,0,,,,
2000.725469,1,0,0,2,0,0,2,0,2,0,1,0,0,,,,
2024.482382,1,0,1,2,0,0,2,0,2,0,0,0,0,,,,
2029.527229,1,0,0,2,0,0,2,0,2,0,1,0,0,,,,
2032.57305,1,0,1,2,0,0,2,0,2,0,0,0,0,,,,
2032.776306,1,0,0,2,0,0,2,0,2,0,1,0,0,,,,
2042.169788,1,0,1,2,0,0,2,0,2,0,0,0,0,,,,
2048.562392,1,0,0,2,0,0,2,0,2,0,1,0,0,,,,
2066.806066,1,0,1,2,0,0,2,0,2,0,0,0,0,,,,
2067.132839,1,0,0,2,0,0,2,0,2,0,1,0,0,,,,
2070.872141,1,0,1,2,0,0,2,0,2,0,0,0,0,,,,
2072.67939,1,0,0,2,0,0,2,0,2,0,1,0,0,,,,
2072.871134,1,0,1,2,0,0,2,0,2,0,0,0,0,,,,
2073.322622,1,0,0,2,0,0,2,0,2,0,1,0,0,,,,
2080.077732,1,0,1,2,0,0,2,0,2,0,0,0,0,,,,
2083.894487,1,0,1,2,0,0,2,0,2,0,0,0,0,,,,
2084.79371,1,0,0,2,0,0,2,0,2,0,1,0,0,,,,
2104.570376,1,0,1,2,0,0,2,0,2,0,0,0,0,,,,
2105.041232,1,0,0,2,0,0,2,0,2,0,1,0,0,,,,
2107.268889,1,0,1,2,0,0,2,0,2,0,0,0,0,,,,
2109.063278,1,0,1,2,0,0,2,0,2,0,0,0,0,,,,
2112.911997,1,0,1,2,0,0,2,0,2,0,0,0,0,,,,
2115.602352,1,0,0,2,0,0,2,0,2,0,1,0,0,,,,
2132.423658,1,0,1,2,0,0,2,0,2,0,0,0,0,,,,
2138.66243,1,0,1,2,0,0,2,0,2,0,0,0,0,,,,
2147.114404,1,0,0,2,0,0,2,0,2,0,1,0,0,,,,
2153.89277,1,0,1,2,0,0,2,0,2,0,0,0,0,,,,
2154.574277,1,0,0,2,0,0,2,0,2,0,1,0,0,,,,
2159.13737,1,0,1,2,0,0,2,0,2,0,0,0,0,,,,
2159.17691,1,0,0,2,0,0,2,0,2,0,1,0,0,,,,
2160.085172,1,0,1,2,0,0,2,0,2,0,0,0,0,,,,
2162.554162,1,0,0,2,0,0,2,0,2,0,1,0,0,,,,
2163.045476,1,0,1,2,0,0,2,0,2,0,0,0,0,,,,
2169.268422,1,0,1,2,0,0,2,0,2,0,0,0,0,,,,
2172.884396,1,0,0,2,0,0,2,0,2,0,1,0,0,,,,
2178.017903,1,0,1,2,0,0,2,0,2,0,0,0,0,,,,
2184.027256,1,0,1,2,0,0,2,0,2,0,0,0,0,,,,
2184.036325,1,0,1,2,0,0,2,0,2,0,0,0,0,,,,
2188.101983,1,0,1,2,0,0,2,0,2,0,0,0,0,,,,
2191.79747,1,0,0,2,0,0,2,0,2,0,1,0,0,,,,
2197.026061,1,0,1,2,0,0,2,0,2,0,0,0,0,,,,
2197.420028,1,0,1,2,0,0,2,0,2,0,0,0,0,,,,
2201.606159,1,0,0,2,0,0,2,0,2,0,1,0,0,,,,
2233.458984,1,0,1,2,0,0,2,0,2,0,0,0,0,,,,
2235.938092,1,0,0,2,0,0,2,0,2,0,1,0,0,,,,
2238.122992,1,0,1,2,0,0,2,0,2,0,0,0,0,,,,
2240.014499,1,0,0,2,0,0,2,0,2,0,1,0,0,,,,
2244.563427,1,0,1,2,0,0,2,0,2,0,0,0,0,,,,
2250.274896,1,0,1,2,0,0,2,0,2,0,0,0,0,,,,
2255.579988,1,0,0,2,0,0,2,0,2,0,1,0,0,,,,
2267.718914,1,0,1,2,0,0,2,0,2,0,0,0,0,,,,
2270.074701,1,0,1,2,0,0,2,0,2,0,0,0,0,,,,
2270.1384,1,0,0,2,0,0,2,0,2,0,1,0,0,,,,
2273.11893,1,0,1,2,0,0,2,0,2,0,0,0,0,,,,
2275.849925,1,0,0,2,0,0,2,0,2,0,1,0,0,,,,
2276.764715,1,0,1,2,0,0,2,0,2,0,0,0,0,,,,
2278.082743,1,0,0,2,0,0,2,0,2,0,1,0,0,,,,
2304.894199,1,0,1,2,0,0,2,0,2,0,0,0,0,,,,
2306.081628,1,0,0,2,0,0,2,0,2,0,1,0,0,,,,
2308.043645,1,0,1,2,0,0,2,0,2,0,0,0,0,,,,
2311.022138,1,0,0,2,0,0,2,0,2,0,1,0,0,,,,
2316.688057,1,0,1,2,0,0,2,0,2,0,0,0,0,,,,
2323.864415,1,0,0,2,0,0,2,0,2,0,1,0,0,,,,
2326.555677,1,0,1,2,0,0,2,0,2,0,0,0,0,,,,
2332.539817,1,0,0,2,0,0,2,0,2,0,1,0,0,,,,
2344.769446,1,0,1,2,0,0,2,0,2,0,0,0,0,,,,
2347.926205,1,0,0,2,0,0,2,0,2,0,1,0,0,,,,
2360.019915,1,0,1,2,0,0,2,0,2,0,0,0,0,,,,
2363.046872,1,0,1,2,0,0,2,0,2,0,0,0,0,,,,
2365.343906,1,0,0,2,0,0,2,0,2,0,1,0,0,,,,
2372.533742,1,0,1,2,0,0,2,0,2,0,0,0,0,,,,
2376.63108,1,0,0,2,0,0,2,0,2,0,1,0,0,,,,
2383.677841,1,0,1,2,0,0,2,0,2,0,0,0,0,,,,
2399.163433,1,0,0,2,0,0,2,0,2,0,1,0,0,,,,
2401.682542,1,0,1,2,0,0,2,0,2,0,0,0,0,,,,
2402.105235,1,0,1,2,0,0,2,0,2,0,0,0,0,,,,
2403.76484,1,0,0,2,0,0,2,0,2,0,1,0,0,,,,
2410.682345,1,0,1,2,0,0,2,0,2,0,0,0,0,,,,
2410.800497,1,0,0,2,0,0,2,0,2,0,1,0,0,,,,
2410.877629,1,0,1,2,0,0,2,0,2,0,0,0,0,,,,
2412.210213,1,0,1,2,0,0,2,0,2,0,0,0,0,,,,
2414.423306,1,0,1,2,0,0,2,0,2,0,0,0,0,,,,
2416.23513,1,0,0,2,0,0,2,0,2,0,1,0,0,,,,
2422.134033,1,0,1,2,0,0,2,0,2,0,0,0,0,,,,
2424.991128,1,0,0,2,0,0,2,0,2,0,1,0,0,,,,
2433.337065,1,0,1,2,0,0,2,0,2,0,0,0,0,,,,
2434.227134,1,0,0,2,0,0,2,0,2,0,1,0,0,,,,
2452.261984,1,0,1,2,0,0,2,0,2,0,0,0,0,,,,
2453.715642,1,0,0,2,0,0,2,0,2,0,1,0,0,,,,
2478.844878,1,0,1,2,0,0,2,0,2,0,0,0,0,,,,
2483.019476,1,0,0,2,0,0,2,0,2,0,1,0,0,,,,
2483.237445,1,0,1,2,0,0,2,0,2,0,0,0,0,,,,
2484.065625,1,0,0,2,0,0,2,0,2,0,1,0,0,,,,
2493.734595,1,0,1,2,0,0,2,0,2,0,0,0,0,,,,
2493.991976,1,0,1,2,0,0,2,0,2,0,0,0,0,,,,
2494.664264,1,0,0,2,0,0,2,0,2,0,1,0,0,,,,
2496.021092,1,0,1,2,0,0,2,0,2,0,0,0,0,,,,
2496.518958,1,0,0,2,0,0,2,0,2,0,1,0,0,,,,
2501.809627,1,0,1,2,0,0,2,0,2,0,0,0,0,,,,
2502.444471,1,0,0,2,0,0,2,0,2,0,1,0,0,,,,
2519.638337,1,0,1,2,0,0,2,0,2,0,0,0,0,,,,
2521.631513,1,0,0,2,0,0,2,0,2,0,1,0,0,,,,
2546.133669,1,0,1,2,0,0,2,0,2,0,0,0,0,,,,
2553.16447,1,0,0,2,0,0,2,0,2,0,1,0,0,,,,
2566.66615,1,0,1,2,0,0,2,0,2,0,0,0,0,,,,
2567.745059,1,0,1,2,0,0,2,0,2,0,0,0,0,,,,
2571.3986,1,0,1,2,0,0,2,0,2,0,0,0,0,,,,
2577.310901,1,0,0,2,0,0,2,0,2,0,1,0,0,,,,
2599.767779,1,0,1,2,0,0,2,0,2,0,0,0,0,,,,
2601.788435,1,0,0,2,0,0,2,0,2,0,1,0,0,,,,
2604.509082,1,0,1,2,0,0,2,0,2,0,0,0,0,,,,
2610.696857,1,0,1,2,0,0,2,0,2,0,0,0,0,,,,
2612.80624,1,0,0,2,0,0,2,0,2,0,1,0,0,,,,
2616.969129,1,0,1,2,0,0,2,0,2,0,0,0,0,,,,
2617.242798,1,0,0,2,0,0,2,0,2,0,1,0,0,,,,
2620.111775,1,0,1,2,0,0,2,0,2,0,0,0,0,,,,
2621.528113,1,0,0,2,0,0,2,0,2,0,1,0,0,,,,
2626.449006,1,0,1,2,0,0,2,0,2,0,0,0,0,,,,
2627.600899,1,0,0,2,0,0,2,0,2,0,1,0,0,,,,
2641.573069,1,0,1,2,0,0,2,0,2,0,0,0,0,,,,
2643.13955,1,0,0,2,0,0,2,0,2,0,1,0,0,,,,
2668.329434,1,0,1,2,0,0,2,0,2,0,0,0,0,,,,
2670.178728,1,0,0,2,0,0,2,0,2,0,1,0,0,,,,
2686.385775,1,0,1,2,0,0,2,0,2,0,0,0,0,,,,
2687.512207,1,0,0,2,0,0,2,0,2,0,1,0,0,,,,
2688.726417,1,0,1,2,0,0,2,0,2,0,0,0,0,,,,
2694.124757,1,0,0,2,0,0,2,0,2,0,1,0,0,,,,
2700.423339,1,0,1,2,0,0,2,0,2,0,0,0,0,,,,
2701.205128,1,0,0,2,0,0,2,0,2,0,1,0,0,,,,
2712.599071,1,0,1,2,0,0,2,0,2,0,0,0,0,,,,
2712.693718,1,0,0,2,0,0,2,0,2,0,1,0,0,,,,
2729.058795,1,0,1,2,0,0,2,0,2,0,0,0,0,,,,
2736.764444,1,0,0,2,0,0,2,0,2,0,1,0,0,,,,
2739.877367,1,0,1,2,0,0,2,0,2,0,0,0,0,,,,
2745.732399,1,0,0,2,0,0,2,0,2,0,1,0,0,,,,
2754.903527,1,0,1,2,0,0,2,0,2,0,0,0,0,,,,
2755.974659,1,0,0,2,0,0,2,0,2,0,1,0,0,,,,
2771.151184,1,0,1,2,0,0,2,0,2,0,0,0,0,,,,
2776.740283,1,0,0,2,0,0,2,0,2,0,1,0,0,,,,
2792.253909,1,0,1,2,0,0,2,0,2,0,0,0,0,,,,
2793.000847,1,0,0,2,0,0,2,0,2,0,1,0,0,,,,
2796.932081,1,0,1,2,0,0,2,0,2,0,0,0,0,,,,
2799.021951,1,0,0,2,0,0,2,0,2,0,1,0,0,,,,
2813.161363,1,0,1,2,0,0,2,0,2,0,0,0,0,,,,
2813.615113,1,0,1,2,0,0,2,0,2,0,0,0,0,,,,
2814.302022,1,0,0,2,0,0,2,0,2,0,1,0,0,,,,
2820.281581,1,0,1,2,0,0,2,0,2,0,0,0,0,,,,
2827.436329,1,0,0,2,0,0,2,0,2,0,1,0,0,,,,
2837.503195,1,0,1,2,0,0,2,0,2,0,0,0,0,,,,
2838.770885,1,0,0,2,0,0,2,0,2,0,1,0,0,,,,
2844.825823,1,0,1,2,0,0,2,0,2,0,0,0,0,,,,
2846.151176,1,0,0,2,0,0,2,0,2,0,1,0,0,,,,
2846.339383,1,0,1,2,0,0,2,0,2,0,0,0,0,,,,
2846.711342,1,0,0,2,0,0,2,0,2,0,1,0,0,,,,
2849.370932,1,0,1,2,0,0,2,0,2,0,0,0,0,,,,
2850.40955,1,0,0,2,0,0,2,0,2,0,1,0,0,,,,
2863.586999,1,0,1,2,0,0,2,0,2,0,0,0,0,,,,
2873.471052,1,0,0,2,0,0,2,0,2,0,1,0,0,,,,
2879.713085,1,0,1,2,0,0,2,0,2,0,0,0,0,,,,
2881.884027,1,0,0,2,0,0,2,0,2,0,1,0,0,,,,
2882.737761,1,0,1,2,0,0,2,0,2,0,0,0,0,,,,
2882.957514,1,0,0,2,0,0,2,0,2,0,1,0,0,,,,
2889.676514,1,0,1,2,0,0,2,0,2,0,0,0,0,,,,
2892.768064,1,0,0,2,0,0,2,0,2,0,1,0,0,,,,
2896.845915,1,0,1,2,0,0,2,0,2,0,0,0,0,,,,
2897.044354,1,0,1,2,0,0,2,0,2,0,0,0,0,,,,
2898.052381,1,0,1,2,0,0,2,0,2,0,0,0,0,,,,
2907.902588,1,0,1,2,0,0,2,0,2,0,0,0,0,,,,
2908.019993,1,0,1,2,0,0,2,0,2,0,0,0,0,,,,
2912.280163,1,0,0,2,0,0,2,0,2,0,1,0,0,,,,
2917.486515,1,0,1,2,0,0,2,0,2,0,0,0,0,,,,
2921.021365,1,0,0,2,0,0,2,0,2,0,1,0,0,,,,
2934.766528,1,0,1,2,0,0,2,0,2,0,0,0,0,,,,
2944.248901,1,0,0,2,0,0,2,0,2,0,1,0,0,,,,
2944.672958,1,0,1,2,0,0,2,0,2,0,0,0,0,,,,
2944.740082,1,0,1,2,0,0,2,0,2,0,0,0,0,,,,
2945.713574,1,0,1,2,0,0,2,0,2,0,0,0,0,,,,
2949.358764,1,0,0,2,0,0,2,0,2,0,1,0,0,,,,
2974.159368,1,0,1,2,0,0,2,0,2,0,0,0,0,,,,
2976.518853,1,0,0,2,0,0,2,0,2,0,1,0,0,,,,
2996.853885,1,0,1,2,0,0,2,0,2,0,0,0,0,,,,
2997.051836,1,0,0,2,0,0,2,0,2,0,1,0,0,,,,
3004.106564,1,0,1,2,0,0,2,0,2,0,0,0,0,,,,
